﻿<?xml version="1.0" encoding="utf-8"?>
<topic id="00001002-0300-4005-0A0B-0000F0000000" revisionNumber="1">
  <developerConceptualDocument xmlns="http://ddue.schemas.microsoft.com/authoring/2003/5" xmlns:xlink="http://www.w3.org/1999/xlink">
    <introduction>
      <para>Required introduction</para>
    </introduction>
    <section address="Section1">
      <title>Optional section title</title>
      <content>
        <para>Add one or more sections with content</para>
      </content>
    </section>
  </developerConceptualDocument>
</topic>